Gene Symbol, t=0; WT TAZ; Abundance 1226503 , t=24; WT TAZ; Abundance 1226504 , t=36; WT TAZ; Abundance 1226505 , t=48; WT TAZ; Abundance 1226506 , t=0; Y2 TAZ; Abundance 1226507 , t=24; Y2 TAZ; Abundance 1226508 , t=36; Y2 TAZ; Abundance 1226509 , t=48; Y2 TAZ; Abundance 1226510 
NPM1," 331,001,216.00 "," 401,141,920.00 "," 816,338,752.00 "," 945,759,488.00 "," 2,674,077.80 "," 22,118,208.00 "," 83,791,984.00 "," 32,538,442.00 "
SFPQ," 116,386,656.00 "," 306,186,208.00 "," 616,480,768.00 "," 612,954,176.00 "," 2,061,861.50 "," 14,032,646.00 "," 47,520,308.00 "," 12,903,451.00 "
PRKDC," 135,561,968.00 "," 191,943,968.00 "," 393,806,272.00 "," 490,039,136.00 "," 1,022,072.30 "," 10,724,036.00 "," 46,759,968.00 "," 14,700,667.00 "
DDX5," 126,028,064.00 "," 184,653,536.00 "," 294,341,216.00 "," 427,313,600.00 "," 1,617,691.40 "," 9,940,530.00 "," 45,198,904.00 "," 14,795,652.00 "
NONO," 79,808,912.00 "," 176,752,848.00 "," 357,597,440.00 "," 385,532,736.00 "," 1,129,085.10 "," 7,896,695.00 "," 27,259,544.00 "," 10,370,047.00 "
DDX21," 113,569,968.00 "," 163,377,648.00 "," 301,454,144.00 "," 343,932,064.00 "," 419,111.12 "," 6,121,782.00 "," 29,064,146.00 "," 5,582,831.50 "
HNRNPK," 93,362,424.00 "," 129,553,440.00 "," 221,330,192.00 "," 311,122,528.00 "," 1,618,417.10 "," 5,862,660.00 "," 18,453,390.00 "," 9,061,118.00 "
PARP1," 66,172,928.00 "," 93,438,544.00 "," 175,038,880.00 "," 202,717,600.00 "," 535,348.00 "," 20,401,488.00 "," 112,753,856.00 "," 12,489,316.00 "
RBMX," 55,612,476.00 "," 72,092,488.00 "," 160,263,520.00 "," 210,859,664.00 "," 873,275.80 "," 3,770,120.00 "," 23,435,942.00 "," 5,327,926.50 "
SUPT16H," 46,942,256.00 "," 64,710,636.00 "," 132,852,576.00 "," 209,902,320.00 "," 356,242.16 "," 3,461,387.50 "," 25,358,996.00 "," 3,564,193.00 "
HNRNPH1," 42,072,552.00 "," 62,693,172.00 "," 124,691,248.00 "," 187,618,304.00 "," 1,199,367.60 "," 3,312,804.20 "," 11,887,972.00 "," 6,591,328.50 "
MYBBP1A," 46,356,080.00 "," 59,167,628.00 "," 126,128,024.00 "," 159,257,040.00 "," 225,876.62 "," 1,197,654.20 "," 7,699,485.50 "," 2,305,443.00 "
SSRP1," 48,119,064.00 "," 57,789,344.00 "," 132,638,232.00 "," 189,622,496.00 "," 75,801.86 "," 2,548,014.50 "," 24,990,202.00 "," 2,915,173.00 "
SMARCA5," 39,820,840.00 "," 54,692,848.00 "," 95,362,656.00 "," 117,638,616.00 "," 530,580.94 "," 4,145,745.00 "," 19,656,886.00 "," 4,431,977.00 "
FUS," 27,749,678.00 "," 48,074,496.00 "," 78,444,632.00 "," 105,355,224.00 "," 1,074,966.20 "," 4,923,365.50 "," 19,482,696.00 "," 6,244,537.00 "
HNRNPD," 40,525,184.00 "," 46,712,648.00 "," 86,239,976.00 "," 146,795,936.00 "," 545,879.40 "," 4,345,986.00 "," 13,114,406.00 "," 4,471,569.00 "
SND1," 23,249,198.00 "," 46,614,864.00 "," 108,630,120.00 "," 136,942,736.00 "," 504,216.03 "," 1,342,603.50 "," 5,201,219.00 "," 2,183,494.50 "
HNRNPL," 30,294,348.00 "," 45,869,044.00 "," 78,720,480.00 "," 132,847,096.00 "," 803,099.75 "," 3,723,510.50 "," 10,624,991.00 "," 5,765,415.00 "
PTBP1," 40,490,408.00 "," 43,116,088.00 "," 97,463,944.00 "," 132,275,416.00 "," 392,547.53 "," 2,153,226.50 "," 8,056,788.00 "," 3,867,198.00 "
PDCD11," 54,632,228.00 "," 42,627,976.00 "," 74,205,648.00 "," 47,235,824.00 "," 376,984.88 "," 3,130,587.00 "," 13,365,082.00 "," 4,718,955.00 "
SMC3," 21,267,166.00 "," 36,131,092.00 "," 78,683,384.00 "," 93,984,872.00 "," 71,015.94 "," 1,132,839.60 "," 6,244,637.00 "," 1,720,945.10 "
FXR1," 23,227,020.00 "," 35,696,128.00 "," 48,939,096.00 "," 64,067,768.00 "," 56,707.72 "," 924,901.75 "," 4,285,951.50 "," 1,498,243.20 "
HNRNPR," 20,069,674.00 "," 35,514,448.00 "," 66,101,296.00 "," 97,597,616.00 "," 373,438.40 "," 2,307,897.00 "," 9,672,721.00 "," 3,598,653.80 "
ILF3," 17,930,278.00 "," 33,889,840.00 "," 60,902,708.00 "," 86,522,840.00 "," 683,264.20 "," 2,389,226.20 "," 8,893,628.00 "," 2,602,018.00 "
KHDRBS1," 18,237,758.00 "," 33,758,960.00 "," 53,806,696.00 "," 87,267,392.00 "," 117,433.58 "," 2,375,535.80 "," 7,672,498.00 "," 2,806,852.20 "
SMCHD1," 17,247,390.00 "," 33,333,784.00 "," 41,606,496.00 "," 49,131,664.00 ",," 758,963.06 "," 6,408,734.50 "," 927,752.56 "
TOP1," 27,858,000.00 "," 31,861,300.00 "," 66,177,944.00 "," 96,382,576.00 "," 412,293.38 "," 2,840,627.00 "," 25,626,392.00 "," 2,483,630.00 "
HCFC1," 28,172,416.00 "," 30,026,788.00 "," 40,778,116.00 "," 51,988,224.00 "," 2,687,637.80 "," 6,971,062.50 "," 15,606,378.00 "," 5,751,316.00 "
RBM14," 11,182,354.00 "," 29,922,650.00 "," 52,022,124.00 "," 50,808,232.00 "," 206,004.48 "," 1,438,265.60 "," 8,246,042.00 "," 2,296,531.00 "
ILF2," 21,221,366.00 "," 29,459,174.00 "," 55,685,544.00 "," 69,425,088.00 "," 461,278.12 "," 2,221,298.80 "," 9,325,729.00 "," 3,326,063.00 "
SMC1A," 18,595,388.00 "," 29,226,882.00 "," 70,239,328.00 "," 87,660,464.00 "," 122,815.24 "," 1,414,566.20 "," 4,811,190.50 "," 1,399,928.50 "
THRAP3," 24,972,352.00 "," 29,127,132.00 "," 65,224,284.00 "," 84,504,600.00 "," 74,123.68 "," 1,504,116.00 "," 6,439,059.00 "," 1,145,407.40 "
TRIM28," 16,997,012.00 "," 28,029,776.00 "," 55,600,728.00 "," 78,261,872.00 "," 547,318.56 "," 3,407,139.00 "," 10,129,893.00 "," 5,005,897.50 "
XRCC5," 22,401,816.00 "," 28,024,720.00 "," 65,489,552.00 "," 75,789,888.00 "," 111,699.04 "," 1,514,753.00 "," 12,241,011.00 "," 1,889,563.90 "
GTF2I," 17,809,590.00 "," 25,701,108.00 "," 47,242,552.00 "," 62,011,412.00 "," 1,065,348.50 "," 4,100,242.50 "," 11,785,161.00 "," 6,703,758.50 "
XRCC6," 22,403,622.00 "," 25,512,664.00 "," 60,484,792.00 "," 74,830,944.00 "," 175,390.05 "," 1,485,577.60 "," 10,050,964.00 "," 2,591,944.80 "
WWTR1," 5,784,473.50 "," 24,522,542.00 "," 36,042,460.00 "," 39,804,056.00 "," 2,015,132.00 "," 8,139,006.50 "," 19,569,310.00 "," 11,103,896.00 "
CEBPZ," 36,631,912.00 "," 24,097,388.00 "," 41,164,476.00 "," 45,462,736.00 "," 100,149.06 "," 538,417.80 "," 3,471,318.00 "," 994,227.70 "
DNMT3B," 27,655,628.00 "," 23,626,094.00 "," 42,045,024.00 "," 47,914,912.00 "," 335,477.10 "," 1,813,799.20 "," 10,895,423.00 "," 1,606,877.60 "
DNMT3A," 14,583,695.00 "," 23,472,592.00 "," 42,114,620.00 "," 38,691,096.00 "," 117,737.36 "," 1,416,555.90 "," 9,272,237.00 "," 1,053,969.00 "
SMARCC1," 14,173,112.00 "," 22,864,228.00 "," 44,182,144.00 "," 54,207,604.00 "," 692,850.56 "," 2,147,636.80 "," 7,083,596.00 "," 2,383,498.00 "
TOP2B," 34,840,856.00 "," 22,248,348.00 "," 50,106,900.00 "," 66,147,536.00 "," 133,325.39 "," 3,260,898.50 "," 26,609,972.00 "," 3,340,915.50 "
PA2G4," 15,073,234.00 "," 22,243,688.00 "," 43,528,812.00 "," 67,480,632.00 "," 41,365.83 "," 1,138,752.20 "," 6,172,442.00 "," 1,383,869.50 "
SRSF1," 13,164,233.00 "," 21,749,840.00 "," 53,850,920.00 "," 61,453,892.00 "," 170,406.88 "," 774,104.06 "," 4,747,789.50 "," 1,454,844.60 "
CHD4," 10,567,987.00 "," 20,653,608.00 "," 46,112,304.00 "," 50,361,996.00 "," 97,301.39 "," 1,309,629.90 "," 6,590,970.00 "," 1,625,759.60 "
MCM3," 14,582,918.00 "," 19,728,244.00 "," 39,694,532.00 "," 46,163,132.00 "," 128,512.37 "," 1,058,368.80 "," 4,912,902.00 "," 3,245,408.20 "
BCLAF1," 11,176,710.00 "," 16,009,201.00 "," 37,469,432.00 "," 58,215,132.00 "," 34,929.08 "," 750,938.56 "," 4,475,720.50 "," 779,603.40 "
SALL4," 9,397,107.00 "," 15,933,725.00 "," 27,332,418.00 "," 34,733,712.00 "," 9,672.08 "," 763,615.10 "," 2,252,284.80 "," 724,673.40 "
KDM1A," 9,049,324.00 "," 15,698,541.00 "," 29,034,292.00 "," 34,430,800.00 "," 13,270.89 "," 1,065,017.40 "," 4,838,798.50 "," 1,110,824.90 "
MCM5," 10,338,679.00 "," 15,561,254.00 "," 33,647,892.00 "," 33,092,534.00 "," 132,598.25 "," 946,304.20 "," 4,286,212.00 "," 2,400,068.50 "
PBRM1," 8,382,168.50 "," 15,479,570.00 "," 32,886,902.00 "," 39,563,828.00 "," 25,542.97 "," 496,326.90 "," 3,427,890.00 "," 624,358.40 "
ZMYND8," 5,783,636.50 "," 15,186,981.00 "," 36,261,820.00 "," 16,728,780.00 "," 38,267,092.00 "," 5,022,797.00 "," 10,463,510.00 "," 15,558,168.00 "
UBTF," 14,196,750.00 "," 14,542,369.00 "," 26,321,058.00 "," 39,440,528.00 "," 17,855.52 "," 328,917.28 "," 3,076,713.20 "," 669,092.70 "
HDAC2," 8,530,699.00 "," 13,449,772.00 "," 31,915,472.00 "," 28,005,650.00 "," 195,391.80 "," 1,181,746.80 "," 4,967,559.50 "," 1,457,104.50 "
SRSF3," 8,025,543.50 "," 13,424,718.00 "," 33,204,094.00 "," 35,072,604.00 "," 196,960.72 "," 618,497.56 "," 4,089,990.50 "," 947,101.40 "
PCBP1," 10,650,648.00 "," 13,125,778.00 "," 23,794,618.00 "," 41,634,344.00 "," 217,511.69 "," 2,217,157.00 "," 5,796,036.50 "," 2,836,307.00 "
SMARCA4," 9,021,781.00 "," 13,071,473.00 "," 22,981,608.00 "," 30,537,400.00 "," 145,497.56 "," 739,212.90 "," 3,724,132.20 "," 1,364,026.20 "
SRSF7," 5,880,567.50 "," 12,509,272.00 "," 26,894,580.00 "," 29,452,610.00 "," 35,777.70 "," 421,258.84 "," 3,107,789.80 "," 711,579.10 "
DNMT1," 3,516,591.80 "," 12,162,227.00 "," 17,075,586.00 "," 25,691,684.00 "," 85,838.46 "," 829,684.94 "," 5,328,729.50 "," 956,655.44 "
SYNCRIP," 8,784,887.00 "," 12,132,998.00 "," 20,978,542.00 "," 28,619,484.00 "," 226,641.80 "," 799,497.94 "," 3,255,184.20 "," 1,462,374.20 "
BRD4," 3,791,413.50 "," 11,581,260.00 "," 29,643,658.00 "," 30,216,650.00 "," 62,638.59 "," 537,630.40 "," 5,603,773.00 "," 310,443.53 "
RUVBL1," 10,580,445.00 "," 11,577,541.00 "," 28,334,976.00 "," 37,602,992.00 "," 205,264.64 "," 1,114,861.40 "," 4,843,365.00 "," 3,282,525.80 "
STAG2," 7,076,645.00 "," 11,209,053.00 "," 27,584,876.00 "," 29,587,706.00 ",," 166,372.58 "," 1,366,200.80 "," 484,159.44 "
CTNNB1," 7,331,351.00 "," 11,006,625.00 "," 26,048,360.00 "," 28,880,954.00 ",," 496,961.56 "," 2,971,170.00 "," 487,392.10 "
SAFB," 8,729,259.00 "," 10,969,939.00 "," 29,214,804.00 "," 51,904,144.00 "," 22,085.04 "," 991,793.40 "," 4,871,678.00 "," 624,983.80 "
RBM39," 5,889,997.00 "," 10,498,456.00 "," 26,734,210.00 "," 42,433,324.00 "," 273,653.12 "," 517,223.70 "," 2,487,968.20 "," 603,001.60 "
CBX3," 7,506,652.00 "," 10,201,375.00 "," 23,236,826.00 "," 29,744,728.00 "," 143,915.97 "," 457,341.20 "," 4,117,123.80 "," 464,435.28 "
GLYR1," 6,733,901.00 "," 10,188,254.00 "," 19,862,674.00 "," 28,167,572.00 "," 87,909.43 "," 151,448.28 "," 1,924,458.80 "," 214,147.48 "
DDB1," 8,909,029.00 "," 10,032,509.00 "," 20,787,332.00 "," 23,306,842.00 "," 30,116.88 "," 353,561.20 "," 4,905,817.50 "," 472,933.25 "
RAD21," 6,469,292.00 "," 9,970,792.00 "," 25,999,848.00 "," 31,549,004.00 "," 8,068.64 "," 272,822.88 "," 1,735,407.50 "," 360,745.40 "
EWSR1," 4,230,123.00 "," 9,612,966.00 "," 15,614,688.00 "," 19,839,188.00 "," 676,509.94 "," 1,008,213.80 "," 3,328,509.00 "," 1,031,738.94 "
ADNP," 9,818,883.00 "," 9,429,927.00 "," 17,475,420.00 "," 22,230,902.00 "," 29,110.05 "," 308,118.56 "," 1,954,450.10 "," 316,501.84 "
CHAMP1," 7,334,423.50 "," 9,269,825.00 "," 20,227,466.00 "," 31,794,438.00 "," 43,581.87 "," 569,710.25 "," 2,161,031.20 "," 467,006.03 "
U2AF2," 7,970,091.50 "," 9,023,035.00 "," 27,336,866.00 "," 40,342,800.00 "," 244,322.28 "," 393,584.80 "," 2,129,156.00 "," 654,004.80 "
CDC5L," 5,088,351.00 "," 8,515,108.00 "," 24,671,604.00 "," 37,495,068.00 "," 294,488.80 "," 706,524.50 "," 2,851,851.20 "," 845,739.44 "
CBX5," 5,283,610.00 "," 8,410,515.00 "," 14,731,099.00 "," 23,714,822.00 ",," 613,060.75 "," 5,872,784.00 "," 608,233.90 "
RUVBL2," 6,877,539.00 "," 8,087,284.00 "," 20,196,304.00 "," 24,531,494.00 "," 208,710.28 "," 895,353.60 "," 3,670,903.00 "," 1,928,513.00 "
SNW1," 7,291,128.50 "," 7,983,168.00 "," 18,929,342.00 "," 22,202,508.00 "," 93,015.80 "," 353,719.10 "," 2,143,453.20 "," 487,492.00 "
SRSF9," 3,676,561.00 "," 7,615,914.00 "," 19,753,052.00 "," 19,534,664.00 "," 46,077.54 "," 489,836.12 "," 3,447,061.50 "," 665,007.60 "
SNRNP70," 3,114,948.80 "," 7,614,589.50 "," 27,225,690.00 "," 38,379,132.00 "," 27,650.31 "," 98,186.71 "," 575,007.44 "," 133,900.30 "
YAP1," 11,126,491.00 "," 7,353,974.50 "," 9,082,771.00 "," 14,629,260.00 "," 15,890.06 "," 165,015.20 "," 490,482.25 "," 180,978.16 "
SMARCA1," 5,797,026.50 "," 7,340,119.50 "," 12,558,993.00 "," 14,419,580.00 "," 83,940.13 "," 397,776.60 "," 2,778,189.80 "," 535,945.06 "
TAF15," 3,616,270.80 "," 7,056,041.50 "," 20,493,690.00 "," 31,497,990.00 "," 47,676.91 "," 599,119.56 "," 2,598,430.00 "," 456,332.84 "
TRIM24," 8,125,618.00 "," 6,992,841.50 "," 10,841,539.00 "," 11,803,692.00 "," 7,902.67 "," 101,718.61 "," 450,627.62 "," 74,818.97 "
YBX1," 2,811,697.00 "," 6,834,926.50 "," 10,735,348.00 "," 11,443,433.00 ",," 316,948.80 "," 1,552,920.50 "," 562,817.94 "
EBNA1BP2," 7,421,480.50 "," 6,711,467.50 "," 13,094,564.00 "," 18,470,888.00 "," 14,458.88 "," 184,218.20 "," 1,379,999.50 "," 181,096.62 "
ARID2," 3,115,785.20 "," 6,381,479.00 "," 11,071,593.00 "," 16,991,420.00 "," 41,861.97 "," 92,045.82 "," 1,233,071.20 "," 251,907.72 "
RBM34," 5,537,207.50 "," 6,324,760.50 "," 11,238,122.00 "," 11,204,099.00 "," 53,034.91 "," 43,063.16 "," 480,102.47 "," 103,006.03 "
TRRAP," 2,744,772.20 "," 6,309,738.00 "," 14,714,781.00 "," 16,625,279.00 "," 38,481.78 "," 96,146.93 "," 1,234,131.50 "," 270,124.00 "
CPSF3," 5,811,428.50 "," 6,225,515.00 "," 12,983,159.00 "," 15,151,502.00 "," 21,838.60 "," 207,728.52 "," 731,112.25 "," 253,569.94 "
MCM7," 3,718,499.80 "," 6,133,741.00 "," 13,177,370.00 "," 15,986,621.00 "," 85,683.15 "," 672,997.50 "," 3,217,178.20 "," 2,386,829.80 "
H2AZ1," 4,507,973.00 "," 6,075,897.00 "," 10,322,940.00 "," 21,430,710.00 "," 224,979.56 "," 1,137,315.80 "," 11,067,132.00 "," 951,509.60 "
U2AF1," 4,058,371.20 "," 5,825,693.50 "," 9,024,177.00 "," 9,624,293.00 "," 6,073,365.00 "," 4,156,397.50 "," 4,542,438.00 "," 3,067,002.50 "
BPTF," 3,302,556.80 "," 5,282,303.00 "," 10,669,181.00 "," 13,492,196.00 ",," 186,956.05 "," 948,677.80 "," 194,307.20 "
HNRNPLL," 3,437,026.50 "," 5,245,315.50 "," 8,830,900.00 "," 14,306,022.00 "," 16,940.77 "," 252,536.62 "," 458,250.62 "," 382,237.00 "
NVL," 5,105,451.00 "," 5,223,229.50 "," 9,475,763.00 "," 12,504,972.00 ",," 759,894.00 "," 2,252,463.80 "," 558,315.80 "
RBM15," 2,473,979.80 "," 5,034,484.00 "," 13,613,166.00 "," 13,845,667.00 "," 25,325.34 "," 188,747.12 "," 1,832,777.20 "," 340,278.75 "
GATAD2A," 3,116,297.00 "," 5,006,116.00 "," 9,155,117.00 "," 12,780,517.00 "," 240,256.16 "," 598,805.90 "," 1,767,788.60 "," 535,502.25 "
FUBP3," 4,373,476.00 "," 4,905,403.50 "," 11,947,802.00 "," 19,099,366.00 "," 87,369.67 "," 841,262.40 "," 3,133,009.50 "," 883,079.40 "
MTA1," 3,517,702.00 "," 4,826,567.50 "," 11,068,630.00 "," 12,612,692.00 "," 42,276.51 "," 422,811.84 "," 1,967,150.50 "," 447,699.56 "
EHMT2," 2,523,673.00 "," 4,799,987.00 "," 8,109,341.00 "," 11,542,286.00 "," 24,199.47 "," 210,137.10 "," 759,725.44 "," 169,344.77 "
ZMYM3," 4,573,741.50 "," 4,776,425.50 "," 5,879,358.00 "," 10,094,675.00 "," 7,647.01 "," 51,071.74 "," 491,470.25 "," 96,192.61 "
ZMYM2," 3,102,516.20 "," 4,708,436.50 "," 8,531,586.00 "," 10,892,109.00 "," 54,275.61 "," 351,433.38 "," 1,714,316.50 "," 459,246.80 "
BRD3," 2,196,988.50 "," 4,512,537.00 "," 9,090,303.00 "," 14,201,663.00 "," 71,023.09 "," 696,729.94 "," 4,178,884.20 "," 157,956.83 "
AATF," 4,546,588.50 "," 4,375,013.00 "," 8,084,562.00 "," 11,523,525.00 "," 27,288.23 "," 68,467.23 "," 713,309.40 "," 146,120.55 "
CHD1," 3,795,452.50 "," 4,254,685.50 "," 14,443,663.00 "," 20,361,542.00 ",," 119,315.25 "," 1,071,267.50 "," 199,653.77 "
NIPBL," 3,877,022.80 "," 4,122,535.80 "," 8,804,556.00 "," 12,025,171.00 "," 7,630.20 "," 11,942.25 "," 1,249,249.40 "," 118,946.83 "
KHSRP," 2,554,692.00 "," 3,999,146.50 "," 8,573,029.00 "," 14,317,965.00 "," 303,089.90 "," 805,235.60 "," 2,418,777.20 "," 1,132,622.50 "
SF1," 2,075,427.20 "," 3,985,760.20 "," 9,252,402.00 "," 13,336,512.00 "," 8,440.32 "," 86,726.58 "," 925,572.30 "," 149,190.66 "
ZC3H11A," 2,231,709.80 "," 3,973,613.50 "," 7,812,326.00 "," 14,105,298.00 "," 17,913.67 "," 237,482.95 "," 1,196,457.50 "," 259,335.23 "
RBM25," 3,462,590.80 "," 3,942,626.00 "," 12,771,148.00 "," 18,027,720.00 "," 22,535.19 "," 284,586.06 "," 1,764,092.00 "," 341,160.00 "
XRN2," 1,752,538.80 "," 3,886,191.80 "," 8,539,747.00 "," 10,166,369.00 "," 10,433.81 "," 258,160.20 "," 1,373,512.40 "," 357,111.40 "
ARID1A," 1,793,879.00 "," 3,811,831.20 "," 7,398,804.00 "," 7,047,268.50 "," 67,853.53 "," 351,137.12 "," 1,090,366.50 "," 461,238.75 "
RCOR2," 2,487,095.20 "," 3,759,242.20 "," 7,416,603.50 "," 7,655,686.50 "," 68,793.96 "," 245,738.77 "," 1,089,871.60 "," 232,001.48 "
ZNF532," 3,074,297.50 "," 3,735,849.20 "," 7,827,471.50 "," 8,758,689.00 ",," 204,430.36 "," 707,984.50 "," 83,702.45 "
HNRNPUL1," 2,060,438.20 "," 3,709,964.50 "," 6,591,300.50 "," 7,840,756.50 "," 42,688.95 "," 341,310.16 "," 1,813,150.90 "," 755,511.40 "
SRPK1," 963,172.06 "," 3,687,633.20 "," 7,499,616.50 "," 9,795,908.00 "," 15,092.44 "," 137,519.23 "," 694,392.75 "," 226,409.95 "
DEK," 2,819,909.80 "," 3,676,903.80 "," 7,263,188.50 "," 11,264,214.00 ",," 484,089.03 "," 1,780,662.50 "," 395,499.12 "
SON," 2,447,324.50 "," 3,655,299.80 "," 8,181,153.50 "," 11,043,114.00 "," 10,639.12 "," 104,284.71 "," 1,126,679.90 "," 377,633.88 "
TARDBP," 2,297,555.20 "," 3,646,757.80 "," 10,049,663.00 "," 8,879,967.00 "," 6,381.54 "," 427,523.84 "," 1,122,268.60 "," 1,175,032.10 "
KAT7," 2,153,799.20 "," 3,364,355.20 "," 7,106,071.00 "," 7,361,750.50 ",," 73,517.95 "," 1,172,150.80 "," 171,528.58 "
USP7," 1,826,276.50 "," 3,275,260.80 "," 8,960,603.00 "," 8,409,932.00 "," 10,412.45 "," 199,369.36 "," 1,083,041.20 "," 291,794.44 "
UHRF1," 774,527.10 "," 3,244,893.80 "," 4,366,584.00 "," 6,888,165.00 ",," 36,601.53 "," 653,165.50 "," 152,663.19 "
WIZ," 1,767,378.90 "," 3,219,328.80 "," 5,882,393.00 "," 6,968,151.00 ",," 70,754.82 "," 1,111,521.40 "," 86,508.58 "
RBBP7," 1,275,552.50 "," 3,147,935.20 "," 5,928,226.00 "," 6,738,844.00 "," 21,764.55 "," 194,319.40 "," 907,794.00 "," 207,447.00 "
PCBP2," 5,168,988.00 "," 3,053,834.50 "," 6,248,686.00 "," 13,380,817.00 "," 73,989.68 "," 986,853.60 "," 3,080,868.80 "," 1,571,432.40 "
SUPT5H," 1,982,796.40 "," 2,968,404.20 "," 7,707,979.50 "," 8,288,050.50 "," 23,527.78 "," 29,486.13 "," 961,127.44 "," 128,808.75 "
SMARCB1," 1,747,629.20 "," 2,959,818.20 "," 6,608,300.00 "," 6,259,211.00 "," 78,882.05 "," 156,549.94 "," 725,517.44 "," 246,649.58 "
CDC73," 3,318,498.50 "," 2,893,763.20 "," 8,909,809.00 "," 11,031,786.00 ",," 160,762.30 "," 1,152,767.00 "," 315,933.90 "
SMARCE1," 2,577,468.50 "," 2,878,796.80 "," 5,083,635.00 "," 7,406,631.00 "," 38,308.46 "," 113,936.44 "," 867,882.94 "," 298,101.80 "
ZNF207," 1,708,917.60 "," 2,817,748.50 "," 5,060,340.00 "," 8,778,099.00 "," 40,135.40 "," 244,789.34 "," 1,041,274.50 "," 329,110.30 "
CHD2," 2,003,948.60 "," 2,817,370.00 "," 7,487,990.00 "," 9,724,376.00 ",," 48,383.60 "," 405,131.44 "," 58,294.49 "
EIF2AK2," 3,182,664.00 "," 2,715,706.00 "," 5,730,418.50 "," 6,591,482.00 "," 13,655.70 "," 97,103.94 "," 514,643.62 "," 270,781.47 "
SVIL," 2,656,848.80 "," 2,685,882.00 "," 4,996,719.50 "," 6,147,949.00 ",," 1,143,930.10 "," 4,696,293.00 "," 856,229.10 "
RBM17," 1,302,923.90 "," 2,646,161.20 "," 7,152,654.50 "," 11,753,029.00 ",," 20,304.49 "," 304,039.90 "," 50,492.99 "
TCOF1," 1,905,039.20 "," 2,607,712.20 "," 6,280,661.00 "," 13,643,127.00 "," 97,539.23 "," 65,922.41 "," 1,421,791.60 "," 197,507.80 "
SIN3A," 928,077.44 "," 2,580,535.50 "," 6,110,359.50 "," 3,643,735.20 ",," 121,380.12 "," 655,460.25 "," 78,242.30 "
BRD2," 560,661.06 "," 2,565,351.20 "," 6,306,579.00 "," 9,243,063.00 ",," 177,959.28 "," 2,176,738.00 "," 40,773.39 "
PHF6," 1,447,425.60 "," 2,509,025.50 "," 3,549,608.00 "," 8,446,058.00 "," 4,316.63 "," 244,785.73 "," 906,893.50 "," 327,711.70 "
EP400," 828,104.06 "," 2,372,528.20 "," 6,151,833.00 "," 4,868,395.00 "," 20,297.30 "," 36,034.57 "," 287,582.80 "," 12,700.35 "
PHF2," 1,222,543.60 "," 2,331,291.20 "," 4,948,508.00 "," 5,153,069.50 ",," 105,621.75 "," 617,461.40 "," 160,538.60 "
ZNF687," 1,843,569.80 "," 2,256,584.20 "," 4,710,802.00 "," 6,694,365.50 "," 4,902.80 "," 93,057.54 "," 513,116.72 "," 511,640.03 "
CTBP2," 2,117,094.20 "," 2,190,836.20 "," 4,811,824.50 "," 6,319,511.00 ",," 292,089.72 "," 1,360,411.20 "," 651,359.60 "
EMSY," 2,415,431.80 "," 2,187,151.80 "," 2,655,705.80 "," 3,930,612.20 "," 1,016,522.20 "," 781,494.25 "," 1,436,204.80 "," 908,235.50 "
PRPF4," 1,426,402.20 "," 2,062,771.90 "," 7,123,911.00 "," 10,332,294.00 ",," 90,038.31 "," 372,298.10 "," 127,072.52 "
PAWR," 2,422,442.80 "," 1,896,827.90 "," 4,938,812.00 "," 8,375,039.50 ",," 20,415.77 "," 304,420.47 "," 6,945.92 "
LRRFIP1," 1,798,334.40 "," 1,893,415.90 "," 5,854,048.50 "," 8,057,839.50 "," 17,889.45 "," 60,139.00 "," 260,278.77 ",
WDR5," 1,027,780.30 "," 1,883,765.80 "," 3,558,495.20 "," 3,609,119.00 "," 41,720.05 "," 86,228.01 "," 369,452.72 "," 174,172.64 "
MTA2," 857,995.44 "," 1,876,983.00 "," 5,214,863.50 "," 7,509,724.00 ",," 151,812.52 "," 1,434,162.40 "," 401,518.72 "
GTF3C2," 772,849.60 "," 1,863,227.60 "," 3,184,635.80 "," 3,896,970.00 "," 12,503.93 "," 99,724.15 "," 324,207.20 "," 99,921.26 "
CBX1," 383,037.38 "," 1,831,988.40 "," 2,817,559.00 "," 3,567,710.50 "," 59,251.36 "," 82,435.98 "," 499,416.00 "," 50,477.93 "
TUBG1," 1,564,525.10 "," 1,724,701.00 "," 3,655,049.00 "," 2,835,667.00 "," 71,576.67 "," 86,315.59 "," 867,524.20 "," 346,837.90 "
CSNK2A1," 855,404.20 "," 1,720,060.50 "," 4,113,652.50 "," 3,615,210.50 ",," 142,523.70 "," 405,374.44 "," 86,627.56 "
EP300," 712,516.25 "," 1,653,236.10 "," 3,197,697.50 "," 4,133,539.20 ",," 91,233.65 "," 644,110.90 "," 88,582.84 "
RNF2," 1,654,481.00 "," 1,589,300.80 "," 4,169,196.20 "," 7,975,621.00 ",," 188,446.80 "," 741,684.90 "," 140,959.05 "
LIN28A," 1,556,198.20 "," 1,589,280.10 "," 3,553,867.00 "," 5,702,309.00 ",," 173,294.40 "," 416,791.84 "," 458,276.40 "
HDAC1," 1,329,952.00 "," 1,580,285.10 "," 3,127,996.80 "," 2,848,531.80 ",," 120,088.26 "," 615,227.60 "," 180,253.72 "
FXR2," 1,020,953.25 "," 1,576,141.80 "," 2,553,996.80 "," 3,641,354.50 ",," 59,518.81 "," 177,349.40 "," 106,633.79 "
NSD2," 1,163,367.80 "," 1,567,945.00 "," 5,019,260.00 "," 5,733,522.00 "," 10,038.71 "," 17,270.59 "," 338,200.12 ",
CTCF," 762,430.06 "," 1,531,931.20 "," 2,461,314.50 "," 2,439,766.50 ",," 17,446.20 "," 88,764.09 ",
ZNF280C," 739,472.94 "," 1,491,605.20 "," 4,724,539.00 "," 8,960,456.00 ",," 111,986.22 "," 1,889,160.40 "," 165,890.53 "
APEX1," 1,819,714.40 "," 1,460,169.00 "," 4,948,517.50 "," 4,851,857.00 ",," 122,155.71 "," 1,492,721.10 "," 175,264.72 "
MPHOSPH8," 933,833.75 "," 1,346,013.80 "," 2,658,713.80 "," 3,434,755.80 "," 13,814.84 "," 78,476.76 "," 384,725.70 "," 78,384.76 "
MTA3," 1,467,365.50 "," 1,341,473.20 "," 2,574,480.50 "," 2,939,278.00 ",," 88,343.18 "," 308,090.97 "," 101,990.83 "
CTR9," 820,806.25 "," 1,340,373.80 "," 4,109,815.80 "," 3,949,050.20 ",," 26,786.61 "," 930,660.75 "," 116,056.73 "
SIPA1," 861,808.20 "," 1,337,624.90 "," 2,910,501.80 "," 2,498,559.20 ",," 38,449.37 "," 497,644.38 "," 48,875.52 "
PHB2," 4,178,146.20 "," 1,333,443.90 "," 16,383,894.00 "," 42,895,932.00 "," 422,593.44 "," 3,338,027.50 "," 7,122,317.50 "," 2,709,325.50 "
SUZ12," 740,787.06 "," 1,287,921.90 "," 2,608,770.00 "," 3,003,114.50 ",," 43,503.45 "," 415,369.25 "," 34,680.73 "
PAF1," 1,257,580.90 "," 1,216,853.20 "," 3,280,480.20 "," 4,779,013.00 ",," 56,147.61 "," 628,076.60 "," 80,246.72 "
CDCA7L," 668,865.56 "," 1,210,033.00 "," 2,503,662.20 "," 2,216,124.20 "," 10,266.33 "," 173,804.56 "," 768,054.25 "," 85,430.88 "
CDK9," 260,898.22 "," 1,154,558.60 "," 1,888,357.90 "," 1,523,225.60 ",," 27,711.68 "," 285,656.84 "," 39,540.33 "
ZNF48," 752,328.40 "," 1,131,529.90 "," 2,517,989.00 "," 3,684,868.20 ",," 10,570.50 "," 126,307.17 "," 18,480.45 "
CBX2," 787,552.20 "," 1,085,150.00 "," 3,209,654.00 "," 3,954,209.00 ",," 73,451.75 "," 542,193.06 "," 59,782.50 "
BRD1," 1,237,111.60 "," 1,004,440.80 "," 1,665,550.50 "," 2,278,892.80 ",," 79,801.80 "," 698,895.70 "," 80,010.81 "
RBM22," 594,727.90 "," 958,372.25 "," 2,301,176.50 "," 3,570,225.00 "," 6,367.36 "," 130,155.00 "," 172,881.23 "," 33,946.70 "
LMNB1," 1,942,324.80 "," 927,496.06 "," 3,312,648.00 "," 5,511,504.50 "," 354,631.25 "," 1,701,381.50 "," 12,338,031.00 "," 3,070,247.20 "
ERCC3," 370,806.16 "," 843,322.56 "," 1,479,813.20 "," 1,946,513.80 "," 17,412.53 "," 37,210.70 "," 363,788.28 "," 57,046.05 "
RBPJ," 262,883.50 "," 764,338.20 "," 1,675,466.80 "," 1,366,897.60 ",," 61,967.35 "," 362,012.03 "," 54,927.66 "
SETD1A," 346,998.53 "," 734,718.75 "," 1,373,357.90 "," 1,463,850.10 ",," 25,088.63 "," 244,098.80 "," 80,855.54 "
ORC2," 989,662.60 "," 729,987.70 "," 1,694,822.10 "," 1,108,538.10 "," 53,874.60 "," 16,853.98 "," 400,296.25 "," 178,205.72 "
CHAF1B," 310,667.70 "," 718,782.06 "," 1,801,639.40 "," 1,495,065.80 ",," 27,679.18 "," 187,569.05 "," 69,937.14 "
CHAF1A," 230,497.42 "," 707,629.25 "," 2,206,591.50 "," 3,202,243.80 ",," 32,140.29 "," 286,772.70 "," 67,550.35 "
ZNF121," 553,449.56 "," 686,282.00 "," 1,406,996.40 "," 1,825,696.10 ",," 33,697.15 "," 137,177.73 "," 21,874.95 "
HMGA1," 574,452.20 "," 656,859.20 "," 1,834,394.90 "," 4,912,052.00 "," 6,966.32 "," 745,660.20 "," 2,656,577.80 "," 441,876.72 "
ZBTB2," 717,201.94 "," 654,474.70 "," 1,896,587.60 "," 1,960,330.90 "," 34,590.82 "," 120,000.64 "," 535,764.10 "," 137,289.38 "
LMNB2," 902,357.06 "," 642,504.70 "," 1,149,028.40 "," 775,768.50 ",," 80,292.90 "," 1,638,258.90 "," 253,260.77 "
ENO1," 538,218.10 "," 640,428.60 "," 1,427,655.50 "," 1,292,157.50 "," 144,976.66 "," 108,391.11 "," 610,968.20 "," 303,386.75 "
LMNA,," 626,088.30 "," 214,545.86 ",,," 388,797.97 "," 2,060,351.50 "," 215,617.56 "
RBBP5," 642,865.50 "," 620,937.25 "," 1,672,076.40 "," 1,567,197.60 ",," 42,937.25 "," 272,531.12 "," 58,381.42 "
MTHFD1," 1,412,761.20 "," 560,012.06 "," 2,963,499.80 "," 3,283,489.20 ",," 64,280.86 "," 340,598.72 "," 378,239.40 "
NUP153," 349,389.30 "," 541,614.94 "," 1,116,751.40 "," 1,112,731.50 "," 12,822.71 "," 9,265.51 "," 258,397.05 "," 46,714.05 "
MED1," 313,976.56 "," 521,295.88 "," 1,412,306.80 "," 1,205,925.80 ",," 44,359.64 "," 159,653.10 "," 65,410.59 "
THAP11," 388,453.12 "," 482,928.30 "," 986,207.20 "," 801,021.44 "," 58,973.97 "," 40,865.14 "," 168,057.44 "," 67,329.23 "
DDX20," 230,655.64 "," 479,561.25 "," 1,269,244.80 "," 1,004,211.40 ",," 10,746.58 "," 94,077.95 "," 77,616.96 "
PCGF2," 320,288.12 "," 462,593.56 "," 1,112,272.40 "," 834,720.60 ",," 16,624.39 "," 265,415.88 "," 70,028.95 "
HMGXB4," 350,979.16 "," 448,840.47 "," 1,448,013.10 "," 2,082,935.20 ",," 14,407.39 "," 58,251.88 ",
DIDO1,," 433,644.84 "," 939,045.10 "," 488,684.00 "," 218,356.95 "," 100,277.13 "," 186,801.95 "," 86,755.95 "
NME2," 213,357.80 "," 429,374.75 "," 715,537.50 "," 1,240,551.40 ",," 43,644.73 "," 228,156.69 "," 72,114.81 "
DPF2," 323,245.22 "," 415,065.44 "," 949,326.75 "," 1,016,214.80 ",," 39,632.24 "," 177,654.08 "," 73,627.96 "
KDM2A," 134,210.84 "," 407,113.20 "," 720,958.25 "," 954,664.30 ",," 30,740.08 "," 285,646.88 ",
TBL1XR1," 165,076.38 "," 405,967.20 "," 1,294,971.50 "," 1,748,536.60 "," 22,436.99 "," 60,132.89 "," 194,269.69 "," 72,790.46 "
INTS11," 406,682.25 "," 401,768.97 "," 1,059,499.00 "," 1,087,171.80 ",," 24,639.55 "," 104,184.62 "," 57,393.49 "
CNOT7,," 395,779.25 "," 930,905.60 "," 552,365.06 ",," 34,953.01 "," 307,303.97 "," 79,331.90 "
DMAP1," 169,097.70 "," 377,889.70 "," 622,451.90 "," 977,601.60 "," 35,726.82 "," 209,040.42 "," 594,853.06 "," 166,204.33 "
COIL," 1,142,136.60 "," 372,901.62 "," 1,636,335.40 "," 2,050,031.00 "," 8,655.36 "," 65,382.33 "," 407,495.70 "," 22,077.86 "
ARID3B," 294,969.80 "," 355,613.12 "," 1,005,051.70 "," 2,221,913.50 "," 46,593.39 "," 44,754.42 "," 267,679.40 "," 192,763.38 "
POU5F1," 175,741.69 "," 340,664.90 "," 805,024.20 "," 873,098.40 ",," 103,206.63 "," 180,025.20 "," 84,962.74 "
SMC4," 468,659.60 "," 340,122.80 "," 1,129,896.50 "," 1,838,571.00 ",," 49,739.80 "," 327,712.84 "," 178,861.92 "
HIRA,," 333,575.03 "," 850,015.75 "," 818,806.56 "," 18,051.62 "," 20,932.78 "," 95,671.30 "," 23,437.21 "
YY1," 159,904.92 "," 321,404.94 "," 561,009.00 "," 781,486.30 ",," 31,882.11 "," 152,047.52 "," 39,383.80 "
FANCD2," 214,637.64 "," 315,122.12 "," 715,234.20 "," 494,282.30 "," 42,314.63 "," 23,374.83 "," 166,853.55 "," 71,949.77 "
SMAD2,," 314,319.90 "," 718,318.75 "," 1,166,558.20 ",," 34,679.66 "," 118,287.45 "," 40,520.95 "
ZFP64," 33,284.84 "," 306,797.70 "," 331,201.88 "," 470,789.03 ",," 17,133.19 "," 33,789.98 ",
HDGFL3," 150,370.89 "," 267,536.30 "," 801,767.75 "," 713,359.25 ",," 24,931.55 "," 197,324.77 "," 22,634.42 "
NXF1," 105,993.79 "," 266,835.16 "," 405,629.10 "," 526,881.40 ",," 35,701.61 "," 216,669.72 "," 78,862.66 "
SMG6," 454,014.10 "," 266,206.66 "," 1,660,816.40 "," 1,539,197.60 "," 4,972.80 "," 75,921.63 "," 428,755.70 "," 104,270.92 "
RREB1," 51,890.66 "," 256,807.02 "," 976,296.56 "," 1,040,917.20 "," 35,992.40 "," 364,536.30 "," 805,985.10 "," 332,655.80 "
ING5," 265,728.72 "," 225,569.84 "," 684,054.40 "," 967,793.44 ",," 28,576.92 "," 127,350.30 "," 16,234.67 "
SAP130," 165,651.84 "," 211,566.19 "," 611,549.94 "," 717,488.80 ",," 32,340.62 "," 59,421.53 "," 28,822.01 "
CNOT3," 191,761.52 "," 210,965.00 "," 434,435.80 "," 316,398.06 ",," 36,128.91 "," 90,817.76 "," 29,546.26 "
CHD7," 139,747.73 "," 210,156.72 "," 415,977.44 "," 562,421.80 ",," 13,527.23 "," 132,710.38 "," 42,133.76 "
MED12," 91,505.83 "," 194,514.84 "," 358,532.44 "," 353,415.53 ",," 51,897.57 ",," 24,119.23 "
GSPT2," 175,795.28 "," 181,752.98 "," 497,142.00 "," 454,285.38 ",," 57,820.40 "," 217,799.40 "," 149,511.44 "
AGO2," 135,189.45 "," 179,955.60 "," 390,464.80 "," 314,695.62 ",," 14,996.67 "," 84,669.98 ",
UPF1," 118,737.91 "," 175,084.69 "," 339,839.03 "," 403,698.12 ",," 58,717.60 "," 138,610.22 "," 64,913.26 "
TIAL1," 151,767.81 "," 173,926.20 "," 378,892.03 "," 501,389.25 ",," 12,911.29 "," 25,332.18 "," 20,969.82 "
PRMT1,," 150,495.95 "," 599,926.00 "," 331,224.53 ",," 27,962.86 "," 93,185.55 "," 85,894.19 "
KDM5A," 178,816.34 "," 146,131.94 "," 230,433.80 "," 264,087.44 ",," 13,807.24 "," 34,287.25 "," 15,770.80 "
WDHD1," 152,855.52 "," 145,234.34 "," 254,942.36 "," 476,581.03 ",," 66,850.20 "," 294,082.28 "," 117,548.96 "
SUPT20H," 122,489.88 "," 133,516.73 "," 421,127.60 "," 346,108.28 ",," 32,498.44 "," 100,708.26 ",
NELFB," 120,070.44 "," 126,024.25 "," 487,496.44 "," 711,710.20 ",," 14,458.63 "," 70,696.27 "," 51,181.01 "
PATZ1,," 116,176.03 "," 720,797.06 "," 1,291,207.10 ",," 17,412.01 "," 32,700.36 "," 6,413.71 "
TFAM," 112,982.20 "," 85,938.30 "," 298,141.20 "," 488,652.30 ",," 43,237.00 "," 172,511.38 "," 53,029.90 "
